{
  "project_info": {
    "project_number": "26258114738",
    "firebase_url": "https://test-01-e040f.firebaseio.com",
    "project_id": "test-01-e040f",
    "storage_bucket": "test-01-e040f.appspot.com"
  },
  "client": [
    {
      "client_info": {
        "mobilesdk_app_id": "1:26258114738:android:23afba829887fca72161ab",
        "android_client_info": {
          "package_name": "com.pd.chatapp"
        }
      },
      "oauth_client": [
        {
          "client_id": "26258114738-ckiq8d4hvcvctu332sg02t7jfrhuaaah.apps.googleusercontent.com",
          "client_type": 1,
          "android_info": {
            "package_name": "com.pd.chatapp",
            "certificate_hash": "87c832271bc9116d72111f78bf5b42872878db0c"
          }
        },
        {
          "client_id": "26258114738-bu1fkadgr5svq7b419a1u638i282m1oj.apps.googleusercontent.com",
          "client_type": 3
        }
      ],
      "api_key": [
        {
          "current_key": "AIzaSyA1FU50uey740hE_ktuNU1c6hNeDODOJfA"
        }
      ],
      "services": {
        "appinvite_service": {
          "other_platform_oauth_client": [
            {
              "client_id": "26258114738-bu1fkadgr5svq7b419a1u638i282m1oj.apps.googleusercontent.com",
              "client_type": 3
            }
          ]
        }
      }
    }
  ],
  "configuration_version": "1"
}